word,tag
destination,1
discrimination,1
disease,1
doers,1
dreams,1
driven,1
drivers,1
duties,1
décoration,1
education,1
effectiveness,1
efforts,1
electronics,1
email,1
emissions,1
employee,1
encourages,1
engineer,1
discretion,1
dictionary,1
devices,1
device,1
contributor,1
core,1
coucher,1
couleur,1
course,1
cuisine,1
curve,1
cycle,1
enhance,1
d'origine,1
deadlines,1
decades,1
degree,1
delivering,1
des,1
desks,1
“,1
details,1
data/computing,1
enhancements,1
equipment,1
etc,1
gas,1
ggplot,1
goals,1
graph,1
greenhouse,1
group,1
handicap,1
hardware,1
gaming,1
heat,1
homes,1
hours,1
hypotheses,1
iTunes,1
illness,1
imaginations,1
implementations,1
implementing,1
hiring,1
continents,1
games,1
formats,1
etc.Knowledge,1
examples,1
excellence,1
execution,1
expansion,1
expectations,1
expertise,1
exploration,1
friends,1
exposure,1
fashion.You,1
features,1
feel,1
feels,1
fellow,1
floors,1
focus,1
fondée,1
fait,1
context,1
configuration,1
computing,1
Your,1
a.m.,1
access,1
accuracy,1
accuracy.Work,1
acquisition,1
advance,1
advantages/drawbacks.Experience,1
Workbridge,1
advocate,1
alignment,1
alternate,1
amounts,1
analyst,1
analysts,1
ancestors,1
annum,1
appliances,1
affiliates,1
aptitudes,1
Work.,1
War,1
Technology,1
Tennis,1
Term,1
Terms,1
Territory,1
Thanks,1
Time,1
Title,1
West,1
Treaty,1
Union,1
Units,1
Unix,1
Urine,1
V6B,1
Values,1
Veteran,1
Vision,1
ULC,1
improvement,1
architect,1
areas,1
center,1
challenging,1
chambre,1
change,1
checks,1
chemistry,1
chromatography-mass,1
cities,1
cases,1
cleanse,1
clients,1
co-workers,1
collaborative,1
commands,1
commensurate,1
companion,1
compensation,1
completion,1
client,1
architecturesWho,1
careers,1
candidats,1
arrangements,1
array,1
aspects,1
asset,1
aucune,1
base,1
bat,1
behalf,1
capture,1
behaviors,1
benefits/pension,1
billions,1
biochemistry,1
biomarkers,1
bonus,1
bootcamps,1
breakfast,1
campus,1
belief,1
increases,1
inquiry,1
insight,1
secure,1
self-starter,1
set,1
setsExperience,1
sexe,1
shape,1
shoes,1
signing,1
sciences,1
simplifies,1
simulations,1
solutionsCoordinate,1
something,1
sources,1
space,1
sports,1
stage,1
start-up,1
simulation,1
start-ups,1
scheduling,1
satisfaction,1
reconciliation,1
records,1
recruiter,1
recruitment/interview,1
regression,1
relationship,1
repositories,1
req5578,1
scenario,1
research,1
respects,1
respiratory,1
retention,1
risks,1
rooms,1
routines,1
samples,1
sandwiches,1
respectful,1
quo,1
strategy,1
subsidies,1
usability,1
values,1
ve,1
visualizing/presenting,1
warehouse,1
weight,1
wellness,1
women,1
url=https,1
workers,1
workforce,1
workloads,1
wrangling,1
www.Amazon.com/careers,1
www.alc.ca,1
||,1
à,1
égales,1
workflows,1
students,1
urine,1
trends,1
suite,1
summer,1
sur,1
system,1
t,1
targeting,1
tasks,1
testers,1
understanding,1
testing,1
thinkers,1
trade,1
trading,1
training.We,1
transformation,1
transportation,1
trap,1
tree,1
things,1
Tableau,1
punch,1
property,1
lunches,1
manage,1
manager,1
mapping,1
marketing,1
match,1
materials,1
mathematics,1
low-latency,1
matrix,1
meeting,1
metals,1
mine,1
mining/data,1
model,1
model/regression,1
modelling,1
models.Master,1
matters.We,1
monitor,1
lottery,1
loading,1
instruments,1
intelligence,1
intelligent,1
interactions,1
interface,1
intérieure,1
invent,1
inventing,1
logs,1
ion,1
lead,1
leaderboards,1
leaders,1
les,1
leverage,1
lights,1
line,1
links,1
le,1
provider,1
multi-task,1
multiplayer,1
pipelines,1
plan,1
play,1
plenty,1
points,1
policies,1
positions,1
possibilities,1
phones,1
possibility,1
prediction,1
preparation,1
prioritize,1
problem-solve,1
problems,1
processing,1
program,1
prominence,1
power,1
multiplatform,1
pays,1
passionate,1
necessity,1
neighbours,1
network,1
networking,1
note,1
numbers,1
offre,1
omics,1
pay,1
onboarding,1
outcomes.Develop,1
outcomesCollaborate,1
overall,1
overtime,1
p.m.,1
packages,1
partner,1
parts,1
ou,1
TV,1
”,1
Crash,1
Operating,1
Customer-facing,1
Ontario,1
D3,1
DB,1
Omni,1
Office,1
Darryl,1
Day,1
Demonware,1
Objects,1
ON,1
Description,1
Opportunity,1
Digital,1
DigitalOcean,1
Neo4J,1
Nations,1
Disability,1
NS,1
Discoverer,1
NLU,1
NL,1
NB,1
Diversity,1
MySQL,1
Must,1
Dr.,1
North,1
Drs,1
Customer,1
Creekbank,1
CAN,1
ProudtobeALOur,1
CRM,1
Program,1
Canadian,1
Process,1
Principles,1
Cassandra,1
Post-Doctoral,1
Position,1
Podcasts,1
Please,1
Platform,1
Crimson,1
Catalyst,1
Channel,1
Place,1
Come,1
Permanent,1
Periscope,1
Compound,1
Partners,1
Computer,1
Core,1
PSAC,1
Coremetrics,1
Orientation,1
Oracle,1
Center,1
Purves,1
Morgan,1
ESM,1
Jun,1
John,1
Fulfillment,1
Full-time,1
IoT,1
Investment,1
GIT,1
Gender,1
Integrity,1
Georgia,1
Geotab-sponsored,1
Insights,1
InsideGeotab,1
French,1
Information,1
Indigenous,1
Indigenization,1
Google,1
Inclusion,1
Great,1
Identity,1
Gurobi,1
Id,1
HOOPP,1
Halifax,1
Hexagon,1
Hot,1
Hive,1
Geotabber,1
Moncton,1
Follow,1
Kafka,1
ETL,1
Mission,1
Minority,1
Matter,1
Math,1
Masters,1
Markets,1
Marketing,1
Map/Reduce,1
El-Aneed,1
Emerges,1
Employers,1
Major,1
First,1
Engineers,1
Experience/Skills,1
Expert,1
FTE,1
Light,1
Fellow,1
Fellows,1
Female,1
Filled,1
Leader,1
Lead,1
Language,1
Finance,1
Knowledge,1
Everyone,1
Books,1
Homeland,1
America,1
Restricted,1
AMP,1
Responsibility,1
Social,1
Requisition,1
Req,1
Associates,1
Regular,1
Small,1
SoftwareSystem,1
BIReporting,1
Bachelors,1
Redshift,1
St.,1
Standard,1
Rd,1
Randy,1
RSP,1
Specialist,1
Stanleyrsquos,1
Rewards,1
Skylanders,1
Adamko,1
AgileDevOps,1
Scala,1
Activision,1
Action,1
Alexandre-Graham-Bell,1
Accommodations,1
Always,1
Roles,1
Saskatoon,1
SME,1
S3,1
Sexual,1
Aptitude,1
Site,1
AMZN,1
Architect,1
Are,1
Anas,1
Bandicoot,1
AdWords,1
Big,1
Bilingualism,1
Benefits,1
Street,1
QlikView,1
//www.wired.com/,1
Strategy,1
Being,1
Svcs,1
R,1
R002602,1
Be,1
Blizzard,1
System,1
Surprise,1
AI,1
A782022,1
-Ability,1
A877427,1
AAA,1
@,1
normalization,2
EXP,2
Ability,2
travelers,2
vacation,2
intents,2
mind,2
methods,2
metabolomics,2
mentoring,2
APIs,2
memory,2
member,2
minds,2
mission,2
url=http,2
modeling,2
objectives,2
www.teck.com,2
Engineering,2
inspiration,2
Hadoop,2
units,2
nationalities,2
Ensure,2
Enter,2
Enterprise,2
www.istock.com,2
month,2
industries,2
individuals,2
Excel,2
zinc,2
Echo,2
trees,2
Accommodation,2
weeks,2
interview,2
TECK.B,2
loyalty,2
jobs,2
love,2
Full,2
wave,2
GIS,2
living,2
way,2
kolkata,2
weekend,2
workplace,2
laws,2
GPUs,2
Geotabbers,2
letter,2
leader,2
Global,2
Fulfill,2
maintenance,2
AL,2
interviews,2
vehicles,2
videographers,2
leap,2
vision,2
visit,2
Find,2
master,2
Group,2
mass,2
//www.youtube.com/watch,2
volunteers,2
manner,2
manchester,2
managers,2
Friday,2
wages,2
online,2
visitors,2
making,2
Booking,2
operation,2
reduction,2
Chicago,2
College,2
sites,2
recommendations,2
rate,2
rank,2
range,2
questions,2
pursuit,2
purchase,2
providers,2
BI,2
promotions,2
Covid-19,2
projects,2
project,2
spectrometry,2
Holdings,2
Create,2
sport,2
standard,2
Asia,2
regard,2
priorities,2
regardless,2
regulations,2
Broad,2
Browse,2
security,2
CPU,2
selection,2
serves,2
roads,2
service,2
reward,2
Call,2
resume,2
responsibilities,2
Canadians,2
resources,2
resource,2
researcher,2
shares,2
request,2
signals,2
report,2
relocation,2
Bay,2
Bangkok,2
regions,2
pricing,2
prices,2
state,2
symbols,2
Distribution,2
partnerships,2
App,2
tables,2
parking,2
parallel,2
Dow,2
ownership,2
tenth,2
Duty,2
ENG,2
scientists,2
thinker,2
ourselves,2
others,2
orientations,2
tie,2
Agodans,2
organizations,2
ordinances,2
order,2
optimization,2
party,2
symbol,2
sydney,2
supply,2
predictions,2
statement,2
potential,2
pot,2
posting,2
statistics,2
DJSI,2
stories,2
storytelling,2
point,2
strategies,2
travel,2
plays,2
plans,2
planet,2
Design,2
places,2
photography,2
photographers,2
Applicants,2
supervision,2
perspective,2
perks,2
Directors,2
Area,2
TECK.A,2
%,2
confidentiality,2
campaign—truly,2
capacity,2
care,2
Project,2
cent,2
employer,2
Products,2
Processing,2
engine,2
Market,2
chance,2
channels,2
characteristics,2
efficiency,2
Matchmaking,2
e.g,2
Press,2
Media,2
effort,2
dream,2
builders,2
Maintain,2
Registered,2
LinkedIn,2
bell.ca,2
everything,2
RACE21,2
Living,2
coverage,2
Quebec,2
build,2
Lottery,2
ML,2
birthday,2
QC,2
boston,2
entry,2
Python,2
enterprise,2
brussels,2
equity,2
citizenship,2
dozens,2
Mississauga,2
conferences,2
consent,2
Nutrition,2
consideration,2
consumers,2
P,2
dashboards,2
contract,2
days,2
contribution,2
cutting-edge,2
contributors,2
conversion,2
copper,2
cores,2
corners,2
custom,2
country,2
dallas,2
condition,2
concepts,2
demand,2
close,2
diverse,2
Music,2
discovery,2
disclosure,2
Plan,2
director,2
direction,2
Métis,2
Pinterest,2
Pharmacy,2
developers,2
desire,2
design,2
deployment,2
Ph.D.,2
competence,2
computer,2
concept,2
barrier,2
backgrounds,2
berlin,2
background,2
help,2
Senior,2
Seattle,2
Search,2
action,2
healthcare/dental/vision,2
headline,2
Scientists,2
hoc,2
affiliation,2
guidelines,2
agencies,2
alerts,2
Learn,2
Savings,2
goal,2
globe,2
ancestry,2
guides,2
generation,2
accordance,2
hour,2
TECK,2
TeckResources,2
Sustainability,2
Thailand,2
Stories,2
Store,2
Trends,2
Tumblr,2
accessibility,2
Solutions,2
Wage,2
Web,2
Skytrain,2
Skills,2
hundreds,2
https,2
World,2
Services,2
Verdun,2
and/or,2
align,2
S,2
Jones,2
flights,2
announcements,2
Retirement,2
flexibility,2
fleets,2
archive,2
Responsibilities,2
fees,2
KPIs,2
LA,2
assistance,2
LC-MS,2
assurance,2
availability,2
food,2
foundation,2
cover,2
Room,2
game,2
Intern,2
functions,2
fun,2
frameworks,2
Java,2
cloud,3
SQL,3
application,3
Visit,3
Smart,3
Spark,3
Twitter,3
standards,3
benefits,3
benefit,3
Atlantic,3
staff,3
basis,3
Operations,3
August,3
courses,3
Saskatchewan,3
Home,3
requirements,3
scale,3
ad,3
coal,3
Chest,3
activities,3
approach,3
businesses,3
approaches,3
transparency,3
assets,3
reference,3
communities,3
Calgary,3
brand,3
qualifications,3
Proficiency,3
talent,3
purposes,3
bonuses,3
salary,3
companies,3
job,3
health,3
ID,3
experiences,3
Machine,3
create,3
initiatives,3
energy,3
networks,3
Learning,3
disabilities,3
difference,3
Employment,3
leadership,3
personalization,3
integration,3
Linen,3
Manager,3
player,3
expression,3
Instagram,3
creativity,3
hands,3
inclusion,3
languages,3
experiments,3
policy,3
fit,3
la,3
end,3
market,3
environments,3
individual,3
Employer,3
millions,3
Science,4
Management,4
Provide,4
news,4
inventory,4
leave,4
Index,4
accommodations,4
science,4
Alexa,4
metrics,4
timeline,4
GVFB,4
talents,4
Analytics,4
techniques,4
KPI,4
art,4
family,4
experimentation,4
telematics,4
measurement,4
members,4
source,4
merit,4
Facebook,4
skills,4
algorithms,4
Exchange,4
sex,4
entertainment,4
today,4
user,4
level,4
year,4
persons,4
www.gettyimages.com,4
passion,4
commitment,4
communication,4
departments,4
A/B,4
community,4
platforms,4
partners,4
Compile,4
infrastructure,4
AI/ML,4
place,4
conditions,4
image,4
New,4
person,4
decision,4
University,4
Toronto,4
color,4
decisions,4
collection,4
Customers,4
interest,4
pregnancy,4
York,4
organization,4
origin,4
veteran,4
Team,4
requests,4
years,4
reporting,4
video,4
Job,5
privacy,5
support,5
Analyst,5
gender,5
future,5
media,5
success,5
Stock,5
technologies,5
/,5
location,5
processes,5
Vancouver,5
implementation,5
race,5
challenge,5
office,5
revenue,5
orientation,5
CEO,5
disability,5
candidates,5
religion,5
tests,5
identity,5
engineering,5
ideas,5
sets,5
text,5
etc.Experience,5
users,5
recruitment,5
Bell,5
Experience,5
age,5
time,5
voice,5
growth,6
investment,6
knowledge,6
-Knowledge,6
Growth,6
industry,6
AWS,6
learning,6
use,6
practices,6
life,6
challenges,6
resumes,6
collaboration,6
development,6
quality,6
building,6
Board,6
platform,6
share,6
events,6
opportunities,6
culture,6
sustainability,6
management,6
machine,6
innovation,7
performance,7
Business,7
role,7
employment,7
players,7
results,7
–,7
IT,7
operations,7
value,7
countries,7
home,7
department,7
applications,7
stakeholders,7
product,7
software,7
governance,7
mining,7
engineers,7
variety,7
ability,8
images,8
imagery,8
impact,8
databases,8
products,8
accommodation,8
integrity,9
day,9
status,9
Canada,9
process,9
models,9
people,10
-Experience,10
employees,10
needs,10
technology,10
search,10
services,10
analytics,10
s,11
candidate,11
insights,11
Amazon,11
Scientist,11
teams,11
applicants,12
customer,12
reports,12
Geotab,12
systems,12
solutions,13
information,13
position,14
diversity,14
content,14
tools,14
opportunity,15
Apple,16
environment,17
analysis,17
Teck,17
work,17
company,18
part,20
Agoda,20
customers,21
Images,24
experience,27
Getty,28
business,29
world,31
’,36
team,38
Data,38
data,111
